price,close,high,low,open,volume,daily_return,volatility
2024-01-03,76.6872329711914,77.11688010614219,74.20990972677298,75.29773924441264,1277757,,
2024-01-04,76.61409759521484,76.92490289850666,75.98333862586215,76.33984952620287,766259,-0.0009536838550954219,
2024-01-05,76.40383911132812,77.70191419097046,76.02903875575998,76.36727463631831,720147,-0.0027443837425012996,
2024-01-08,78.14984893798828,78.15899005737722,75.49884463824561,75.80964994082862,762105,0.02285238342691187,
2024-01-09,77.04374694824219,77.57394637623993,76.66894655475718,77.17172262372327,972832,-0.014153603682891092,
2024-01-10,76.15702056884766,77.04373804854693,76.07474325789744,76.81520283965615,706437,-0.011509388036257229,
2024-01-11,75.91019439697266,76.87004071530959,75.15145266518739,76.83347624502747,753069,-0.0032410166525863593,
2024-01-12,76.00162506103516,76.9797538653252,75.69996086049703,76.60496070547109,654717,0.001204458304827405,0.012006848231949783
2024-01-16,72.83869171142578,74.87721907191538,72.82955059297905,74.73096117676765,1367489,-0.041616654210607895,0.019410192082144027
2024-01-17,71.74172973632812,71.96112384826549,70.51678350330418,71.38521158817016,954137,-0.015060154834241501,0.019514901233053227
2024-01-18,72.04338836669922,72.14394791706654,70.96470737262727,72.12566567942862,809672,0.0042047861332557,0.015291436759302628
2024-01-19,74.12763977050781,74.16420425127014,71.53148195942397,72.0433991768163,1355650,0.028930502174603356,0.021452785761666083
2024-01-22,73.5151596069336,74.42930055739288,72.89354897584018,73.11294309368478,1206407,-0.008262507284332754,0.02133086336438333
2024-01-23,74.92292022705078,75.6999442224401,74.3104508406744,74.50242156004539,1318261,0.01914925612137841,0.02320593370872397
2024-01-24,76.10218048095703,77.86646723193692,75.97419756576092,77.5190974507348,936689,0.015739646163451138,0.024134167892044252
2024-01-25,76.62322998046875,77.05287703047225,75.69080693351938,76.63237109883656,1152712,0.006846709203583101,0.015445799852506563
2024-01-26,76.05645751953125,77.82989239729288,75.67252331175234,77.13514568398067,798455,-0.007396875087123944,0.01377247970497392
2024-01-29,76.47697448730469,76.80606927676266,75.50798684469056,76.25758037545249,802713,0.0055290107045209425,0.013713276631432219
2024-01-30,75.68167114257812,76.14788269887063,74.95950101061119,75.42571256690371,927757,-0.01039925219398663,0.011963577392735016
2024-01-31,75.0509262084961,77.19915476732739,75.0235028463439,76.1296146699506,1079181,-0.008334183489338676,0.011974878104528474
2024-02-01,76.59580993652344,76.62323329281232,75.3708565621341,75.571968418278,1044078,0.020584472518507813,0.012304823542506048
2024-02-02,74.71268463134766,75.60853603744734,73.45116672944731,74.59384283912846,1352638,-0.02458522609443481,0.014679248518246327
2024-02-05,72.84783935546875,73.1312212960609,71.72344546900655,73.1312212960609,1302682,-0.02496022308769319,0.01614071626554777
2024-02-06,75.1514663696289,75.32515487850021,73.58829151986453,73.62485599681446,1043662,0.03162244803060488,0.021769396342133974
2024-02-07,74.98692321777344,75.13318111971094,73.62485304582736,75.07833440648437,729494,-0.0021894869096256153,0.021548018604700677
2024-02-08,73.99051666259766,74.61212726930682,73.02152178816884,74.50243383636732,826497,-0.013287737547012846,0.02174879081869795
2024-02-09,73.27748107910156,73.99051737349639,72.78384613941233,73.6705637042968,1026941,-0.009636850986560752,0.02180732088312634
2024-02-12,74.12696838378906,74.47783986304282,73.23131217620129,73.48985098101373,679850,0.01159274707833502,0.02039115164952926
2024-02-13,72.0494155883789,73.00970464444352,71.48617165539444,72.71423277712591,1048959,-0.028026949445088878,0.020989116114144085
2024-02-14,73.9792251586914,74.02539149364702,72.51109180884443,72.62189832911429,663752,0.026784527737706787,0.0218743239978431
2024-02-15,76.61078643798828,76.71235969087815,74.39473652121555,74.49630245772906,1006066,0.0355716253265963,0.02278532908420537
2024-02-16,77.2756118774414,79.0576911216224,77.10017978650816,77.60802415617444,934820,0.008677961294540015,0.022745185243248138
2024-02-20,76.04754638671875,76.76776319500946,75.65050125468449,76.49075785587868,604034,-0.0158920189809737,0.023103582330198925
2024-02-21,76.98014068603516,77.13711355888353,76.11218422592106,76.21375749060313,670295,0.012263305571674321,0.022396998341712666
2024-02-22,76.76776885986328,77.404886308342,76.15835121570399,77.05400748754134,739568,-0.0027587871921154195,0.022592597598521533
2024-02-23,75.74284362792969,77.0263044222805,75.50277135094758,76.90627194197792,619820,-0.013350983715634035,0.019454953973249627
2024-02-26,73.81302642822266,74.44090321701297,73.12974272105264,74.44090321701297,734375,-0.025478541698102042,0.020730310039009995
2024-02-27,74.60711669921875,74.75485630217814,73.72992698212802,74.58865016339597,708930,0.010758131855876263,0.014911148936394274
2024-02-28,72.84349822998047,74.0900331975908,72.77886535971783,73.78532806426178,557610,-0.023638743155674713,0.015439653977270493
2024-02-29,74.66250610351562,74.83794548623413,74.0253887555649,74.25622773818101,1122490,0.024971451368140052,0.019326469137121646
2024-03-01,74.47784423828125,75.58587297855252,74.16390581036154,75.06879533855165,712357,-0.0024732877969345646,0.01822642483061868
2024-03-04,75.52123260498047,75.54893240619009,73.24977574202646,74.47783684420222,789627,0.014009379264000366,0.0195570477299786
2024-03-05,73.89613342285156,75.35503365707535,73.48985500033601,75.05956176632637,839790,-0.021518440921497017,0.020553415992239102
2024-03-06,75.15188598632812,76.20451499592406,74.90258046338788,75.66896356602815,918514,0.016993481327241433,0.019149308314898732
2024-03-07,78.24513244628906,79.62093323599545,76.84163185339922,77.41411640165471,1369255,0.041159931242759074,0.024085320615294337
2024-03-08,79.6670913696289,79.8979303554269,78.37439743898587,78.74374274281314,1643958,0.018173129482730976,0.02004560030527399
2024-03-11,79.8240737915039,80.23035221114831,78.73451159932192,79.24236328206598,1272564,0.0019704801465219024,0.019645982279165728
2024-03-12,80.7935791015625,80.88591907725362,79.66708407603478,80.33190117223354,806452,0.012145525328497886,0.018891432860810714
2024-03-13,88.91912078857422,90.02714211033734,83.00964691245709,83.00964691245709,3488256,0.10057162682194609,0.038596541672251405
2024-03-14,89.73167419433594,90.6734967491061,88.3189403621807,89.343862324827,2358184,0.009138117859866846,0.034009173861219676
2024-03-15,95.10559844970705,95.64114256761528,91.25520173838034,91.59684724959436,3779783,0.059888821908444134,0.035406563968938216
2024-03-18,94.73625183105467,96.79533618779882,94.36691384035417,95.8442804359088,2054817,-0.00388354234317434,0.03803674254334755
2024-03-19,92.15084838867188,93.09267078946718,91.31983249663958,92.76026589592938,1559210,-0.027290539708003325,0.04353541561165805
2024-03-20,95.32720184326172,95.79811308075948,91.14440030634013,91.85538379596663,1310991,0.0344690636074525,0.04279595513351227
2024-03-21,95.61344909667967,96.1674597852367,94.59776039553289,96.14899325004326,1110339,0.00300278669553955,0.04343939326996221
2024-03-22,96.36135864257812,97.19238193074473,95.18869716205222,95.94584699849483,1724966,0.007822221172485877,0.027990241163214
2024-03-25,95.9273910522461,98.72515903384709,95.908924516371,97.04465305457441,1092579,-0.004503543707200075,0.028679226668826246
2024-03-26,94.27457427978516,96.58296416846592,94.05296855781674,96.49986476636887,932950,-0.017229873077239666,0.019693677064688497
2024-03-27,96.32443237304688,96.51833830839584,94.18224844939182,94.59776012280007,1069938,0.021743488198400218,0.021395746410652065
2024-03-28,98.3558120727539,98.91905599857573,96.74917238280739,96.94307830827313,1173588,0.021088935067272052,0.017622301198123413
2024-04-01,98.8359603881836,100.01785520416391,98.32810872908998,99.50077027761641,838856,0.004881748269990549,0.013754906881762357
2024-04-02,99.51000213623048,100.33179219349802,98.34657387162946,99.38073639370627,1409344,0.006819802685172016,0.013726233438243746
2024-04-03,102.7048110961914,103.27728828088995,99.74083728693404,100.24868891924086,1705856,0.032105405400224774,0.016999729590214004
2024-04-04,101.19052124023438,103.73897633429014,100.2025249969704,103.32347196406225,1541346,-0.014744098546062956,0.018734890286624263
2024-04-05,101.83686065673828,102.23390579215109,99.95321555496852,100.71960602328303,910102,0.006387351390052087,0.015282639697145661
2024-04-08,103.65587615966795,103.90518170651838,101.70759812384128,103.20343140494371,1103276,0.01786205398712193,0.014901285735539185
2024-04-09,107.53396606445312,108.82666745849126,105.69649455224669,106.63831713610585,1597741,0.037413121652760895,0.01780547104933491
2024-04-10,107.3031234741211,108.6696909652035,103.95134493542531,104.80083481268649,1235694,-0.002146694656399717,0.01852078418144952
2024-04-11,107.98640441894533,108.18954361547296,105.77035442445361,107.75556542057889,1275887,0.0063677637957018085,0.0185424557352067
2024-04-12,106.4167022705078,111.14428132023909,105.95502428597734,110.8026358071708,1462000,-0.01453610903042657,0.01844828525312832
2024-04-15,105.33637237548828,109.09442908280755,105.31790584160476,108.90052316065417,1293231,-0.010151882852687533,0.017685536084741296
2024-04-16,105.10554504394533,105.89962803814623,100.4610649295425,101.56909366733915,1849491,-0.002191335493500146,0.017940327147907026
2024-04-17,105.41947174072266,108.24493922042029,103.98827146699684,107.3954567129491,1387534,0.0029867757847226173,0.016970630611853797
2024-04-18,106.49980926513672,107.67247084412132,104.38532511588693,106.52750906821781,1039196,0.010247988408357278,0.008808839479654855
2024-04-19,104.73619842529295,107.38623409597473,104.29299425191404,106.41671170577489,1234344,-0.016559755853206903,0.010541255472261498
2024-04-22,103.02798461914062,103.99750693369606,99.10372902524985,100.73806852256868,1489937,-0.0163096792879186,0.010521846542351459
2024-04-23,101.2366714477539,103.04644287522802,99.5284586342165,99.80547125872995,1915856,-0.017386666137443996,0.010925576434990134
2024-04-24,100.85810089111328,102.90795204008863,99.43613385571744,101.97536279503186,1557029,-0.0037394607233407484,0.010891126492327728
2024-04-25,103.24958801269533,104.17294397070859,99.75007010244522,101.30131016049289,1539165,0.023711403451507573,0.015764716138877668
2024-04-26,107.9771728515625,108.74355599696376,103.6743385367534,104.4130218798798,2381137,0.04578792932603171,0.02424032835653868
2024-04-29,111.5875015258789,111.72600054227885,107.36776646477449,109.24217835106978,1909728,0.033436036330378505,0.02674287042770862
2024-04-30,107.72786712646484,110.71030761241045,107.0168835868557,107.92177305842675,2666952,-0.034588411306251454,0.030052391232179797
2024-05-01,106.34283447265624,108.59582491289864,104.2560574806451,107.72786849989721,1451198,-0.012856772261003568,0.029681559385560025
2024-05-02,104.3576202392578,106.53673715642151,103.92364204599872,105.37330890169291,1986998,-0.01866805829694984,0.0298454814442088
2024-05-03,106.56444549560548,106.87839123983395,104.55153454395979,106.13046726757806,1584343,0.021146757192125998,0.030149666232374094
2024-05-06,108.99286651611328,109.13136552452163,107.39546007116775,108.0602772606575,933262,0.022788285616406112,0.03007284763874076
2024-05-07,106.25049591064452,107.79249540040298,106.02889018590884,107.20155167869208,1039508,-0.02516101001035087,0.027080353921993584
2024-05-08,104.32068634033205,105.5579807231755,102.40934150485046,103.43426342637638,1357415,-0.01816282882985709,0.022459876341524524
2024-05-09,108.0510482788086,108.44808610170253,104.33915764422379,104.33915764422379,788173,0.035758602338051615,0.02489502397759443
2024-05-10,109.64844512939452,110.9780795327164,109.0575013832804,109.06673465067665,1312549,0.014783723767899826,0.024577871567548044
2024-05-13,111.4212875366211,111.72599266760174,109.87928071474649,110.21169296343126,917268,0.016168422681547945,0.022511650616943227
2024-05-14,114.30216217041016,115.48405701981471,112.07687880370297,112.07687880370297,1473839,0.025855693265456114,0.022979101522995298
2024-05-15,113.47113800048828,115.91802693349399,109.77771411696892,115.84416079706406,1308395,-0.007270415136005237,0.02306269802276393
2024-05-16,110.95037078857422,114.73612717795874,110.9411375219221,113.72043858072176,944582,-0.022215051830212662,0.022417227173425022
2024-05-17,115.74259185791016,115.91803125484795,113.14796323894197,113.91434638210208,1329893,0.043192474574672124,0.023186537265740003
2024-05-20,119.3529052734375,119.84229037873865,116.02882668903808,116.53667832853439,2198556,0.031192609026411855,0.02256714815120521
2024-05-21,116.99835205078124,119.37136745573504,116.22272837735541,118.68809108267124,1272875,-0.01972765738095761,0.02600963529077919
2024-05-22,107.71862030029295,112.89864362490762,107.53394765898501,112.8801770924144,2287873,-0.07931506374090269,0.0420697867982709
2024-05-23,107.6170654296875,110.07318766742013,106.52750331875167,109.47301066696829,1422430,-0.0009427791622501625,0.04006742505926756
2024-05-24,108.50347900390624,110.5533226758002,108.15260024793959,108.9374498411005,889538,0.008236738018078338,0.0405320602748675
2024-05-28,111.6521224975586,114.02514522267234,110.80263268869051,113.39726113279697,1297386,0.029018825226230893,0.041653425949349836
2024-05-29,110.33173370361328,110.57180598281933,108.90053329617805,109.99932874639605,1095695,-0.011825917541103514,0.03749464728665803
2024-05-30,109.58380889892578,109.8977472971533,107.42315854703325,107.69093060969443,1161644,-0.006778872945989112,0.03374325087483476
2024-05-31,109.53763580322266,112.38156969511236,107.28464560286473,110.02701356277666,1522341,-0.0004213496151216356,0.03375905017120792
2024-06-03,106.87837982177734,110.3409573753429,105.45641280580807,109.97161937904158,1333320,-0.02427709856932181,0.01672923825518254
2024-06-04,101.73529815673828,105.0224439285628,100.11942507427445,104.52383283373713,2466404,-0.048120879766471836,0.024432695245058443
2024-06-05,103.2772979736328,104.33916035636197,102.50168152649394,102.6863541995395,1677192,0.015156979385059,0.02531103536856204
2024-06-06,105.13323974609376,105.1701728161652,102.04000001471037,103.36963443554382,1026526,0.017970471815933697,0.022942505108247805
2024-06-07,100.55339813232422,102.64941566637916,100.47953199358713,101.47675413204452,1573023,-0.04356226084947323,0.026594102838268525
2024-06-10,101.86455535888672,102.26160047441947,100.85809998586919,101.64294963351686,1572296,0.013039412400932093,0.02834678628673995
2024-06-11,99.46382904052734,100.30408557534139,97.70022388701403,99.55616902386058,1360531,-0.023567827983945855,0.028389023894581335
2024-06-12,99.78701782226562,103.21266253257163,99.48230535858471,102.72328471681362,2083378,0.003249309672228584,0.02852722092168734
2024-06-13,97.9403076171875,99.47307396658947,97.13698405499771,99.47307396658947,1179715,-0.01850651763506317,0.02359888182417625
2024-06-14,98.15267181396484,98.7990151366609,96.06588762476046,96.31519315011496,1033900,0.002168302325610272,0.02220320612082951
2024-06-17,97.19239044189452,97.6171280737143,95.89045579412328,96.52757321641839,1204018,-0.00978354795975811,0.019280468792241098
2024-06-18,99.73160552978516,100.0917175796974,96.9338377999529,97.13697699267564,1000769,0.026125657331256713,0.017578045362948228
2024-06-20,102.06769561767578,102.72327953360056,100.79346817075458,102.012296014848,1041273,0.02342376897956333,0.019316456823784557
2024-06-21,100.75653076171876,101.51368058354389,99.53770297013111,100.89502976282178,1887607,-0.012846031724556228,0.017427871175675912
2024-06-24,101.55061340332033,102.72327485835255,100.40565174844126,101.10740196811706,1165175,0.007881202693247769,0.017571618907210054
2024-06-25,100.83040618896484,101.55062301021003,99.74084403131742,100.79347311859999,829197,-0.007092101073728596,0.015713861244942243
2024-06-26,100.45182037353516,100.61802649462192,99.53770499849884,100.52569382533834,862223,-0.0037546790669491514,0.016002591998919406
2024-06-27,99.47307586669922,101.13511531311737,98.80825862485653,100.98738302584819,741334,-0.009743422301322413,0.01599707951711908
2024-06-28,99.4822998046875,102.1969681251885,99.29762714654345,101.48598461025394,952268,9.272798601944743e-05,0.012480328313693655
2024-07-01,100.31332397460938,101.82762368844217,100.10095151336581,100.70112851204745,772387,0.008353487721468156,0.008311007697342823
2024-07-02,101.51368713378906,102.10463087604546,99.44536940313836,99.57464246221882,923084,0.011966138810069804,0.008425591948389063
2024-07-03,107.1369171142578,108.06027306664932,103.78513149521605,103.79437207846121,1092683,0.05539381081742856,0.022380194661682357
2024-07-05,107.8017349243164,109.8423454455809,107.76479454024317,109.14059521021076,906259,0.006205310251270468,0.02144141892135803
2024-07-08,107.52472686767578,108.438849597649,106.4536385932992,106.96148292853397,1112520,-0.002569606665747126,0.021321011621347793
2024-07-09,106.17662811279295,108.0325732847665,106.11198792832343,107.08151021522728,845606,-0.012537569674944127,0.02177267584529152
2024-07-10,107.42317199707033,107.96794945771542,106.37977610074934,106.69372185466126,1108885,0.011740285093186031,0.021370120638128584
2024-07-11,105.80729675292967,108.3834590295226,104.67156819626742,108.03258752581617,1057995,-0.015042147928611915,0.023606007109933835
2024-07-12,106.37054443359376,107.41393295747632,104.90240364301177,105.53952106849539,789419,0.005323334949000058,0.023547789805078462
2024-07-15,103.95133209228516,105.89960982911342,102.55706497090662,105.17939310247841,839686,-0.022743254292722948,0.01282333572892695
2024-07-16,103.23111724853516,103.49888929476575,100.30408395671594,102.51090050876374,1173795,-0.006928384939893006,0.011974417236079922
2024-07-17,101.46752166748048,103.02798775890741,101.0612432684588,102.78791548973582,939597,-0.017083953250343176,0.012504469736990676
2024-07-18,96.01049041748048,101.10740757206582,95.59497875940036,100.65496284506777,1808468,-0.053781063736663026,0.02143011020741108
2024-07-19,96.3059539794922,98.56817741938166,94.97631971485806,95.2071586920636,1423676,0.003077409153176447,0.01988541114107007
2024-07-22,96.85997009277344,97.61711993237289,95.59497593778869,97.10004235003065,1542489,0.005752667310675363,0.021425898071154973
2024-07-23,97.58942413330078,97.67253085569766,93.83136726569334,95.71501233316485,1438320,0.007531016578145477,0.02174313810731332
2024-07-24,96.19515991210938,98.66975611651314,95.78888882010804,98.1619117642288,950191,-0.014287042203332767,0.02127833870639836
2024-07-25,96.3428955078125,97.13697843994497,93.6744007940912,95.20716705489082,1545085,0.0015357903229029635,0.021770938313753884
2024-07-26,97.3401107788086,98.03262772247201,96.19514913929672,97.79255547465706,759924,0.010350688192833468,0.02265234584784335
2024-07-29,95.8996810913086,97.73715974728181,95.74271555299522,96.04742067903871,1137861,-0.014797904748363955,0.01026135651971099
2024-07-30,93.39739990234376,95.63191652910669,92.97265495615582,94.74549356599742,1739818,-0.02609269562202554,0.013991637754110694
2024-07-31,98.43891143798828,99.27916069284126,96.8692048170562,97.63558793514228,1902147,0.05397914225573652,0.026256640136842632
2024-08-01,94.38538360595705,98.05110041978851,93.4989606917214,96.96154562771902,1481732,-0.04117810500763974,0.030795018590898084
2024-08-02,91.8646240234375,93.34199071519092,90.71966227659674,93.34199071519092,1068692,-0.02670709686410011,0.03180386448349013
2024-08-05,89.99943542480469,90.4703466454466,83.88682282288903,84.78247893202678,1864447,-0.020303665512819702,0.03199714750956695
2024-08-06,91.59684753417967,93.75749786287292,88.99298575605557,89.5562296766701,1332386,0.017749134778846987,0.032862974743278164
2024-08-07,89.6023941040039,92.9634129712321,89.44542856810573,92.61253419941309,1098707,-0.021774258436476512,0.033200711087868554
2024-08-08,92.73257446289062,94.1914745258469,90.39648478223704,90.86739602511382,834805,0.034934115211848304,0.035923247121055026
2024-08-09,92.580078125,93.82169525197872,91.76789314963932,93.82169525197872,726485,-0.001644474326027101,0.026886736859969427
2024-08-12,93.6536636352539,94.82993565593259,93.19622533391758,93.63499043101103,672437,0.011596290821923594,0.023333900589270103
2024-08-13,93.92440032958984,94.419185083422,92.30003014538616,93.37361067874464,853387,0.002890828653434818,0.020366527253152873
2024-08-14,94.72724151611328,95.06332238167033,93.55096952718613,94.31648255629764,997857,0.008547738220379353,0.017499500579516453
2024-08-15,98.76018524169922,99.7964267098568,97.43454956779097,97.84530856978313,1134887,0.04257427600591468,0.021893443154387175
2024-08-16,96.97710418701172,98.38675814344596,96.55700493253468,98.2000481814949,969748,-0.01805465482191737,0.020991463534416336
2024-08-19,98.2934112548828,98.51746027514189,97.27584302062476,97.39720045314878,967268,0.013573379808626829,0.0184205844081165
2024-08-20,96.45431518554688,98.97489603969458,96.0808952545362,98.56413705972233,894413,-0.018710268021597032,0.020943212851022682
2024-08-21,97.36919403076172,97.80796650790553,96.22092808471344,97.52789787308093,852767,0.009485100209927433,0.020865248608480026
2024-08-22,94.94196319580078,96.9584337873403,94.62455551526776,96.35162455335958,806677,-0.024928118786667897,0.023927027009159947
2024-08-23,97.66791534423828,97.6959214679105,95.7354707298114,95.97819292175328,963341,0.028711773558081077,0.026000934825383622
2024-08-26,98.54546356201172,100.63661222531334,98.0600191252112,99.10559345686201,677088,0.008985020461227622,0.02031678479180519
2024-08-27,98.6388168334961,99.70305695123115,97.39719232228278,98.12536629803344,777018,0.000947311708830112,0.01873084116760245
2024-08-28,94.15778350830078,96.34229084451667,94.0924383324181,95.69814256646431,961378,-0.045428701083868095,0.025138938710740456
2024-08-29,94.68990325927734,95.05399025330716,93.48562513486509,94.11110018167825,867234,0.005651362331927201,0.02474477649940298
2024-08-30,94.96063232421876,94.98863845010186,93.24290364245901,94.87661394656944,1462993,0.0028591122772627653,0.024339193585824755
2024-09-03,89.78876495361328,91.37580327470104,88.83654932130902,91.15175426953496,1671018,-0.05446327856103006,0.030492629998081524
2024-09-04,89.94747161865234,90.85301531029972,89.48070038973907,89.55538584726281,1346528,0.001767555942227883,0.026607822757110305
2024-09-05,90.2368621826172,91.56250497117198,90.12483769014162,90.6009491435105,807814,0.003217328500258132,0.025953218763281584
2024-09-06,87.84699249267578,90.55428336054956,87.48290547733342,89.65807992637049,798100,-0.026484405952690526,0.025705782397691373
2024-09-09,89.01393127441406,89.84478952826598,88.48180749740177,88.9765848645911,976569,0.013283764743973192,0.024078145738944366
2024-09-10,88.08036804199219,88.9018858883072,87.2215037915325,88.57514533395367,1285247,-0.01048783284881405,0.023343831608938194
2024-09-11,90.04083251953125,90.52627696498332,88.58449182282624,89.43402328254176,1790996,0.022257678085591204,0.026117541448377482
2024-09-12,91.4878387451172,93.10288338546704,91.2264433008543,91.82391965350509,926759,0.016070555825570265,0.01683251398571409
2024-09-13,92.13197326660156,93.27090618287879,92.13197326660156,92.71077632640038,1068025,0.007040657319262955,0.01689629662989145
2024-09-16,92.86014556884766,93.70034408528517,92.49606592402688,92.87881877331365,935853,0.007903578708110315,0.016973267269133594
2024-09-17,92.58942413330078,93.61633268996493,92.10397966375737,92.6080973391599,1504329,-0.002915367339653363,0.011232767402651106
2024-09-18,94.56854248046876,96.8090620701963,92.50539993438333,93.24290687545738,1321623,0.021375209595414058,0.012283166713874194
2024-09-19,97.91998291015624,99.27362455862551,97.06111859241072,98.5641311484654,1401299,0.03543927337549535,0.01255802670961965
2024-09-20,96.71571350097656,97.42520697490039,95.68880497981985,97.40654113003588,1002301,-0.012298505099665125,0.015756528889266194
2024-09-23,99.01224517822266,99.61904706257964,97.21049064927487,97.38786769751628,894826,0.023745176394970313,0.01646986270125983
2024-09-24,106.16322326660156,107.06876694373625,104.50150682498577,104.65087773763936,2325371,0.07222316871521395,0.027963966649681166
2024-09-25,103.87603759765624,105.83648861423507,103.62397508845321,105.4350625443459,1386728,-0.021544048857688236,0.03212903291060864
2024-09-26,112.4273452758789,113.37022801547516,108.92653530018038,109.53333716132177,2531018,0.08232223596499222,0.03894131082926954
2024-09-27,110.97100830078124,112.41800872592815,109.9814461973657,111.55914433734283,1721138,-0.01295358323656981,0.04206171233926579
2024-09-30,107.983642578125,110.0467924090229,107.14345144291266,109.36529774660812,1225516,-0.02692023591025805,0.045648314290899
2024-10-01,109.29995727539062,110.15882165155475,107.73159208045902,110.15882165155475,825278,0.012189945308737737,0.04412597417153087
2024-10-02,109.53334045410156,111.54047078206968,109.1785937208755,110.25217420323649,696516,0.002135254070803505,0.04444751525388707
2024-10-03,107.65691375732422,107.83429081386022,106.42462936546684,107.04077156139553,819284,-0.017131100804541166,0.037712566845010155
2024-10-04,110.11213684082033,110.33618584594154,108.41307401748965,108.41307401748965,989796,0.022805995433145876,0.036694846209348354
2024-10-07,109.75739288330078,110.66293656896838,109.32796070581081,110.11213960376018,793346,-0.0032216608241139033,0.017288802191252107
2024-10-08,105.59375762939452,106.10720816729766,102.94247920354813,105.45372700275702,1562407,-0.037934895723454654,0.021643632899590353
2024-10-09,106.8260498046875,106.8820620595058,103.36257876621335,104.2494566416504,854110,0.011670123338332061,0.02057309531607019
2024-10-10,108.64646911621094,109.2065990193237,106.53664721718773,107.0127587388859,973159,0.01704096814261824,0.021178210843875205
2024-10-11,109.82274627685548,110.5882593880978,108.48777031379151,108.48777031379151,627691,0.010826648764686198,0.021619728254823632
2024-10-14,109.75739288330078,109.98144189404385,105.64977371045467,106.08853880994273,803783,-0.0005950806710838252,0.020220160312191406
2024-10-15,104.10008239746094,107.59155945184375,103.43726092281318,107.49820078989542,1569434,-0.05154377611588279,0.026575402246340724
2024-10-16,105.62176513671876,106.2005682148582,104.2681161005822,105.05230234070955,1088383,0.014617497932883028,0.02789665322429224
2024-10-17,104.5481948852539,105.82715859047055,104.0814162644957,105.07097840249811,809674,-0.010164290002872112,0.024181320795760335
2024-10-18,105.39772033691406,107.14345520242695,105.1830042445764,106.8447207296548,891623,0.008125682634621656,0.02390329999483758
2024-10-21,104.9216079711914,105.97651521968068,103.81068110918406,105.78047233358764,892553,-0.0045172928237984245,0.022434366096278666
2024-10-22,106.95674896240234,108.35707007245013,105.42573013589892,107.18079798469833,1242154,0.01939677660839645,0.02362819142260763
2024-10-23,106.2659149169922,106.75135934290417,104.23077855278892,104.5481862221195,997134,-0.006459003775937333,0.023610912439135948
2024-10-24,106.91939544677734,107.3581679000816,105.08964225868709,107.32082885229651,1185110,0.006149483870680372,0.011209312988409777
2024-10-25,107.74091339111328,109.54266769071062,107.38616670013607,107.45151186938925,1474671,0.007683525901948096,0.010377656171925001
2024-10-28,107.18079376220705,108.29172062813944,106.5273125660223,107.74092365622907,794586,-0.0051987644366159325,0.009466495363922413
2024-10-29,106.80736541748048,108.90785419465229,106.66733479509517,108.1050021458458,701786,-0.00348409758519852,0.009557454059412251
2024-10-30,104.41748809814452,105.82714940034322,104.07207430409123,105.82714940034322,898650,-0.022375585335286496,0.01324143122870713
2024-10-31,102.27033233642578,103.71733275862411,101.43013379427912,103.31590669258814,855867,-0.02056318152090164,0.011701535735585633
2024-11-01,102.78377532958984,104.44549172591151,102.62507149935195,103.81067640495993,652389,0.005020449053348752,0.012458876960124675
2024-11-04,103.9133758544922,104.94961729034657,103.22254823058927,103.53062299274146,681635,0.010990066489386496,0.01326825115883641
2024-11-05,106.44329071044922,106.48062975802537,104.59486432863477,105.38837613232856,900717,0.02434638308257453,0.016749539520883767
2024-11-06,103.4723892211914,104.97486842873668,100.48633788038619,102.11165752708975,1281588,-0.027910650539162307,0.019529770703349245
2024-11-07,107.26165771484376,108.37670116077967,105.74028619557825,107.08211826451516,971155,0.03662105922336534,0.02508978846820817
2024-11-08,101.21395874023438,104.15276848533382,100.44854434094083,102.80147914164473,1113839,-0.05638267302084088,0.03253116197747319
2024-11-11,98.9933090209961,100.24064261750365,97.6325700158027,99.53192731710476,952665,-0.021940152789968193,0.03265206990729329
2024-11-12,97.04671478271484,97.32075258500507,95.61038433375177,96.70652813708607,1092473,-0.019663897060642643,0.03282538435859414
2024-11-13,95.43083953857422,97.25459829909127,95.24185025972407,97.25459829909127,760776,-0.016650488867743007,0.03184956852763427
2024-11-14,94.75047302246094,96.42304182925798,94.31579546242575,95.62927797669842,1084563,-0.007129419791369163,0.027896416328449802
2024-11-15,93.77717590332033,95.78047422626433,93.51258793503966,95.78047422626433,815836,-0.010272213827469678,0.0274502039215165
2024-11-18,96.22459411621094,96.33799212480746,94.34414379275313,94.95836078850613,656100,0.02609822901271608,0.024352971841678894
2024-11-19,98.06726837158205,98.39799778018897,95.56313619073505,95.84662383084577,730780,0.019149722296003757,0.01922394376978984
2024-11-20,97.3302001953125,98.73818110780861,96.9522142192719,97.97276672700717,797038,-0.007515944805118413,0.017739199045705423
2024-11-21,95.13790893554688,97.35855348800199,94.35360226095447,97.12231502096748,1248819,-0.02252426539107444,0.018232375329846413
2024-11-22,94.24964904785156,95.32689314148477,93.74882263576266,94.75047545994046,876649,-0.009336550462729631,0.017493744314848812
2024-11-25,96.39469146728516,96.67817908394495,94.5709327359013,94.5992748323238,1543638,0.022759155509900486,0.019468710922614246
2024-11-26,93.11571502685548,95.92222725041876,92.8794765493923,95.91277741508713,862268,-0.03401615162119698,0.023698686467096358
2024-11-27,94.22129821777344,95.04341158240622,93.4936831959121,93.55038220157495,772487,0.011873218077089298,0.021520631364217
2024-11-29,94.82606506347656,95.4875386489183,93.73937115452435,93.91891059933799,443461,0.006418578995858626,0.01982768863057046
2024-12-02,94.54258728027344,95.29854441595468,93.13460637661885,95.29854441595468,830320,-0.0029894500316275385,0.01979129070989835
2024-12-03,95.75212860107422,97.1128678367629,94.50479479328108,96.85772969293546,896680,0.01279361349838104,0.01874830142951259
2024-12-04,95.64817810058594,96.3285439463805,95.07175302529856,95.44028915374533,615524,-0.0010856207794749384,0.018237272167959374
2024-12-05,95.55368041992188,96.10175599636685,94.06065844485389,95.88441721380961,676131,-0.0009879715697740377,0.01583724197223645
2024-12-06,94.4953384399414,95.83717050690053,94.13625213398704,95.72377989848039,596623,-0.011075889231366709,0.008638102740831854
2024-12-09,99.7303695678711,101.79982393886036,97.87826137589882,98.93661314606922,1496590,0.055399887596115915,0.02205804798804041
2024-12-10,96.87662506103516,98.87047354142,96.70652803548617,98.29405583898378,1088466,-0.02861459873457939,0.026162619098079008
2024-12-11,97.8121337890625,98.76653752174684,96.16791430368649,97.15066013616739,885278,0.009656702299837061,0.02608853988662396
2024-12-12,95.9411163330078,97.42468847555385,95.59147987015125,97.24514902989434,613778,-0.01912868458722783,0.027293022567969272
2024-12-13,94.4953384399414,95.270202653147,93.64488295639788,94.9678153543159,730061,-0.0150694295451822,0.027940604816412907
2024-12-16,92.02901458740234,94.30635068554123,91.67937811029543,94.09846172854249,846448,-0.026099952582386843,0.029449820385786366
2024-12-17,91.41478729248048,91.71717458678141,89.63827767584334,90.8856187847367,904179,-0.006674278733458716,0.029345030820915958
2024-12-18,87.84286499023438,91.76442020666721,87.70111748003647,91.05570487315578,822616,-0.03907379110140885,0.015944012558172637
2024-12-19,86.91681671142578,88.74057555171844,86.13250265318979,88.16415044989378,1095452,-0.010542100134274368,0.015364557273808425
2024-12-20,87.89010620117188,88.57047202836056,86.5199247128408,86.5199247128408,1025702,0.011197942200040778,0.015786640671508624
2024-12-23,88.4192886352539,88.70277626902127,87.14360539204057,87.75782242701442,591281,0.0060209556792523156,0.017476600621549803
2024-12-24,89.23194885253906,89.25084852113675,87.99405758852163,88.5893749318701,306632,0.009190983436176747,0.01898282831698944
2024-12-26,89.39259338378906,89.67608102200434,88.33424150933912,88.8350679421599,680651,0.0018003028434969703,0.01741246347737761
2024-12-27,88.07911682128906,88.97682156567443,87.66333146734216,88.47599509850998,412849,-0.014693348886980484,0.017874513938573148
2024-12-30,86.4159927368164,87.07745896339279,85.7639689393284,86.93571143966638,707154,-0.01888216122610653,0.012225506227835732
2024-12-31,86.11359405517578,87.07744746594408,85.80175694997847,86.46322308921681,696573,-0.0034993370100091514,0.011710471963261188
2025-01-02,87.08690643310547,88.24919906696154,86.61442951183629,87.0491070944717,696984,0.011302656550440382,0.011729099902666221
2025-01-03,86.94515228271484,87.78616528570045,86.17974535705754,87.22863989502264,714858,-0.0016277320689938035,0.011286624546397554
2025-01-06,88.40983581542969,89.40203879720032,88.24919603757704,88.7689221142975,1268028,0.016846063227909713,0.012852755695134528
2025-01-07,88.61772155761719,89.2319459554476,87.86175705573223,89.20359645347149,966327,0.002351387040481434,0.012876223502351524
2025-01-08,90.33753967285156,90.42258817893944,87.63496861014517,88.05075390074879,1172700,0.019407157902566752,0.013349919592638714
2025-01-10,89.40203857421875,91.75497325926702,88.95791117327845,91.61322574460974,1012759,-0.010355618517181586,0.011154575469464453
2025-01-13,89.5343246459961,90.0257011954236,88.50432978363246,88.561021381008,820767,0.0014796762343123326,0.010676909237036144
2025-01-14,90.09185791015624,90.29974686758024,89.09965489067577,90.243047859421,642643,0.006227033781340596,0.010396042427746147
2025-01-15,91.65103149414062,92.86057334137605,90.64938601628117,92.68103388274176,730472,0.017306487180442698,0.010865922091910373
2025-01-16,92.05735778808594,92.23690464903987,91.16910294140986,92.13295646638234,743416,0.004433406665709905,0.010092548175232816
2025-01-17,92.71883392333984,94.45754432464662,91.59433317652407,92.2369071477979,722768,0.007185478175211202,0.009979151590666117
2025-01-21,93.2480010986328,93.88112522556419,92.49204392959963,93.55038840974213,1688684,0.0057072242272855345,0.008220307301862496
2025-01-22,91.04625701904295,93.86221874629847,91.04625701904297,93.33304284170417,1568497,-0.02361170270299906,0.012594626427986182
2025-01-23,91.83056640625,92.59598078357651,88.57047718401749,90.0351570971441,1176604,0.008614405609700171,0.012769221263231786
2025-01-24,91.18799591064452,93.96615826398272,91.02735613689487,92.99285497573986,978860,-0.006997348712440843,0.013299371215597601
2025-01-27,88.95791625976562,89.6004828121409,88.22085135888221,89.35479451184642,1288368,-0.024455846722019836,0.014499739899734684
2025-01-28,85.53717803955078,89.49653286495581,85.09305062196891,89.26029440416802,1830752,-0.03845344365110759,0.01871202870092598
2025-01-29,86.34039306640625,87.08690779864934,85.29149102617795,85.93406498137486,1724330,0.009390244631218403,0.019070280327314854
2025-01-30,87.54993438720703,88.1830510981165,86.80341965927262,87.90901329613281,1457863,0.01400898557261021,0.020418387928673867
2025-01-31,86.57662963867188,88.37203896607916,85.79231558434296,86.98295771482324,1250257,-0.011117138526118397,0.019428517616639666
2025-02-03,84.97965240478516,86.34038403971726,83.2976338258444,85.04580124151579,1512820,-0.01844582355020885,0.018472116749821774
2025-02-04,88.12635040283203,88.29644742511373,85.69782438212334,86.39708992291315,1521141,0.03702884054006428,0.025979056967600462
2025-02-05,88.28699493408203,88.55158288828815,86.80341538600086,87.40818256288183,1417800,0.0018228887332298882,0.024483478122378943
2025-02-06,89.40203857421875,91.63212541323071,89.40203857421875,90.48873249079327,1510869,0.012629760940093604,0.018206458377615434
2025-02-07,91.39588928222656,94.20240127379493,91.1313013206402,92.13295415968287,1192012,0.022302072075823798,0.01917923601458108
2025-02-10,91.69827270507812,93.00230538294895,91.26359514578785,92.82276593990751,1080146,0.0033085013475586678,0.019076250909920323
2025-02-11,87.64849090576172,89.07614645428914,87.61993689968126,87.89595149920977,1018511,-0.0441642102937031,0.02678016050927673
2025-02-12,89.71382904052734,90.57994483590726,87.77222378565997,87.84836034163082,1403727,0.023563875583280103,0.026115541077404665
2025-02-13,93.12117767333984,93.39719229410537,88.65737610504533,90.2563483538337,1832909,0.03798019401527575,0.026293232364516226
2025-02-14,92.5786590576172,95.28168211483265,92.16939989008442,94.41557376976348,2000042,-0.005825942382577498,0.02675755429032634
2025-02-18,92.73094177246094,92.73094177246094,90.77030044826367,92.48348117397495,1191499,0.00164490084857416,0.026702177709128846
2025-02-19,91.7315902709961,92.27409402831093,90.32297067580234,91.84579884018098,959753,-0.01077689369225876,0.026163819332179476
2025-02-20,93.10213470458984,93.92065304365936,92.22650835323662,92.42637893698036,1118873,0.01494081187892693,0.026711979429002043
2025-02-21,88.42894744873047,92.98792137660179,88.08630682434114,92.98792137660179,1134898,-0.050194200924471355,0.028504030342841283
2025-02-24,88.41943359375,89.15229742927092,87.16309452439275,88.28618155497357,886819,-0.00010758756329176666,0.02682111103494691
2025-02-25,88.53363800048828,89.05711320968481,86.67768722174553,88.52411999816654,1061450,0.001291621107448071,0.020630770266493025
2025-02-26,88.7525405883789,90.93209588842683,88.55267000789402,89.99936153999789,1745594,0.002472535782268581,0.02094576130452289
2025-02-27,86.12566375732422,89.44733461301328,85.82109514831646,88.58122625590447,1073058,-0.029597764904981783,0.022370602999733237
2025-02-28,84.64089965820312,84.68848966857487,83.34648867233795,84.0888704563894,1584625,-0.017239508345673893,0.022527255514939396
2025-03-03,82.52796936035156,87.80077088479594,82.19484675091637,87.38199371694823,1210606,-0.024963466910016274,0.019676919387792098
2025-03-04,81.77606964111328,83.33696974931229,80.2627595427601,81.99497622715492,1332642,-0.009110847208116502,0.013131286800485061
2025-03-05,86.12566375732422,86.14469230234097,83.93659039997029,84.94546878907461,2154539,0.05318908251888099,0.02779169666683488
2025-03-06,86.43974304199219,88.02919718590512,85.65929670288187,85.77350526940438,1237108,0.0036467560418802503,0.027872417833786235
2025-03-07,86.572998046875,87.18212782750776,84.07935599099655,85.62122763640222,2226549,0.0015415941810248412,0.027843680411532807
2025-03-10,84.19356536865234,85.6117028698413,82.44230526641772,83.8985147744975,1855406,-0.027484697675992598,0.027519601836098022
2025-03-11,84.57427978515625,86.29698607096522,83.16566013135937,84.60283379345279,1609895,0.004521894456386288,0.026853105218410677
2025-03-12,85.98289489746094,86.6491326781076,84.05080011211098,85.66881574128787,1374862,0.016655360422612953,0.024891020502608354
2025-03-13,87.95305633544922,90.1611581334459,86.97273199908261,87.11549456508061,2081399,0.02291341132835556,0.02456223268165349
2025-03-14,91.49364471435548,91.62688928397357,88.91434820730771,89.24746336097759,1724124,0.04025543314154545,0.021073017087177893
2025-03-17,93.15924072265624,94.00631304973473,92.05518234580225,92.2931249326416,1537988,0.018204499487377124,0.021190307890150792
2025-03-18,94.0348663330078,94.54882351011308,92.37878623969584,94.22521890916742,999918,0.009399235154335273,0.02081400460772022
2025-03-19,94.73917388916016,95.61480019473699,93.58753299789093,94.31087873792144,1278198,0.007489855450617311,0.012119152713951455
2025-03-20,94.43460845947266,95.65287540236423,93.31152153526367,93.75885270457361,1231767,-0.0032147781871502135,0.013702787831146989
2025-03-21,95.56721496582033,96.71885591467726,91.3699103389968,92.93081791570728,5259175,0.011993553262136247,0.013776309882347168
2025-03-24,94.8343505859375,98.66998602995059,94.24425684183889,96.71885530106563,2432922,-0.007668575255069809,0.01567476600548224
2025-03-25,96.58561706542967,97.58497750030831,95.86227124639132,96.27153043923221,2716749,0.018466583771301393,0.010023893971040993
2025-03-26,92.98792266845705,97.07101891463707,92.1503682893686,97.07101891463707,1992748,-0.03724875924885851,0.018645052715475258
2025-03-27,92.16940307617188,92.72142483354845,90.10406370386328,91.30329470116331,1366644,-0.008802429055260852,0.018364662859012573
2025-03-28,89.59962463378906,93.18779216951238,89.37120003678082,91.50316542860755,1167256,-0.027881035968726597,0.019892349668477062
2025-03-31,88.9524154663086,89.53299118334257,85.81157192379642,86.6967162313025,1186465,-0.007223346862509028,0.019796995981341537
2025-04-01,89.35215759277344,89.856596762157,87.8388400846228,88.51459582460393,1169310,0.004493887258365081,0.018685024479290085
2025-04-02,89.80901336669922,89.92322193575738,87.94354457833674,88.43846578250428,928114,0.005112979767180503,0.019490612339353418
2025-04-03,82.54700469970703,86.496848675072,82.32809811558315,85.29761773370892,2177035,-0.0808605772935137,0.030443615666391144
2025-04-04,74.60924530029297,78.007060110232,73.69554694941023,77.66442695827557,3016909,-0.0961604776368371,0.04155139466023399
2025-04-07,75.5705337524414,78.92075855665061,71.43984770530543,71.72538030511421,3149423,0.012884307410956586,0.04413961674594112
2025-04-08,71.98236083984375,78.19741489318471,71.23046104179883,77.96899029902862,2064552,-0.0474811111477923,0.04481462183092622
2025-04-09,80.3484115600586,81.23355587819994,71.25901087769275,74.04769585547074,2308933,0.11622362232365213,0.07154095148457461
2025-04-10,77.89285278320312,79.06352974627217,75.43728283176597,78.99690373151438,2605293,-0.03056138546086873,0.07139989270058462
2025-04-11,80.54828643798828,81.54764682952394,78.57812712069583,79.54893350570198,1895879,0.03409085121295985,0.07371595897841346
2025-04-14,83.4416732788086,84.53620628126498,81.31922583282817,81.69041301562869,2068250,0.03592114703827809,0.0688876486860613
2025-04-15,82.64218139648438,83.47022522425304,81.72848300670482,82.8039874366429,1290936,-0.00958144594791177,0.05420762736029452
2025-04-16,82.03305053710938,83.6605767047655,81.26211473371981,82.55652574160534,1748264,-0.007370701608814367,0.05493292453903508
2025-04-17,82.09967803955078,83.05144844341618,81.03369160678177,82.07112403232487,1087131,0.0008122031547670439,0.04875078122252331
2025-04-21,82.46134185791016,83.21324162161875,80.87188777362682,82.76591045595963,1129145,0.00440517949638175,0.023954719554352362
2025-04-22,84.81221008300781,85.44037579659248,83.79381377193606,84.06982835281755,1051177,0.028508731147601996,0.01981366268537858
2025-04-23,87.80077362060547,89.53299781699482,87.28682387636853,87.28682387636853,1621400,0.035237420822693766,0.02002647802425447
2025-04-24,91.20811462402344,91.76966184264774,88.4384654586974,89.20939380995344,1433106,0.038807642152919763,0.020608872919526774
2025-04-25,89.73287200927734,90.52284385075383,88.66689300970339,89.23795079043059,1653861,-0.01617446672181866,0.021920428310467525
2025-04-28,89.29505920410156,90.6751248377362,88.38136078346758,89.75190841441855,1086412,-0.0048790682318795575,0.02157028102939916
2025-04-29,88.390869140625,90.04694921211917,88.32424312910973,89.13325089119121,1210400,-0.010125868906250002,0.02290360547351934
2025-04-30,85.20243835449219,85.33569038189353,82.90867447528966,84.36488401925197,1970868,-0.03607194744357811,0.029073345369368658
2025-05-01,85.50700378417969,87.05839329013271,85.15485264333076,85.49748578257572,1225603,0.0035746093136481694,0.027185371683640967
2025-05-02,87.24369812011719,87.97928095465831,86.4016562732512,87.79538900490348,810595,0.020310550704371932,0.02455435487797455
2025-05-05,85.70479583740234,87.25338703330182,85.66607936600853,87.0791704297911,676005,-0.017639122548382624,0.017766580025540303
2025-05-06,87.61148834228516,87.80506316545865,85.26924726563149,85.72414697242507,1053000,0.022247208995167078,0.020760688302607477
2025-05-07,84.64981079101562,86.817835200354,83.80776146826123,86.52747673495203,1350280,-0.03380467113740493,0.023800626090545892
2025-05-08,85.24988555908203,86.0241848202367,84.32073546700903,84.44655270685023,1002096,0.00708890855701827,0.024350055832800664
2025-05-09,86.50812530517578,86.56619249216666,85.2982844882894,86.14033387726859,1041190,0.01475943032465099,0.020829287781154063
2025-05-12,89.29557800292969,91.173243982496,88.35674501314652,89.89566069627597,1406274,0.0322218599457631,0.02372071698669577
2025-05-13,90.29248809814452,91.01838805363207,89.29558038053091,89.48915520554642,781987,0.0111641597211245,0.02307336588525798
2025-05-14,90.39895629882812,90.67963942440105,89.46012326669296,90.069881345547,805709,0.0011791479327480925,0.02097689586224433
2025-05-15,89.2471923828125,89.63434204945396,87.98896724286956,89.5278755152395,1018385,-0.012740898381705668,0.02113869318759679
2025-05-16,87.87281799316406,88.53096791700325,85.69511802928001,88.18253471994001,1195633,-0.015399637265374855,0.01644480564217065
2025-05-19,88.68582916259766,88.79229570046718,86.19841239109894,86.36294611852531,930016,0.009252134937755674,0.016500583290898603
2025-05-20,88.72454071044922,89.16976507299273,88.3277156935325,88.70518247575072,793390,0.0004365020682230991,0.0160838131723237
2025-05-21,88.0083236694336,89.32462348765155,87.50502460248562,88.20189098101537,1002402,-0.00807236684778101,0.010390182094880797
2025-05-22,87.51470947265625,87.78570972925404,86.32422687629028,87.29210104505646,898761,-0.00560872172308835,0.008625600883324345
2025-05-23,89.37301635742188,89.8279160840164,86.44037532542899,86.44037532542899,1091484,0.021234223320437895,0.013011635514596793
2025-05-27,90.16666412353516,91.27003838045425,89.37301410000873,89.37301410000873,1039867,0.008880172097351036,0.012469215061277138
2025-05-28,88.79228973388672,89.74080563420783,88.45353942502986,89.74080563420783,691989,-0.015242599945423763,0.01243376693610848
2025-05-29,89.4214096069336,90.1279513634027,88.86005085591155,89.96341764047321,1072344,0.007085298452516264,0.0122355726901597
2025-05-30,87.98896026611328,88.80196848738693,86.69201124102949,88.80196848738693,1336128,-0.016019087007427824,0.013886174019610929
2025-06-02,89.47947692871094,90.53445179698619,88.70517765390439,89.9730855745275,1164073,0.016939814473199144,0.014970588450369788
2025-06-03,89.52787780761719,89.98277754990451,87.8921783178239,88.76326133119083,1241243,0.0005409159794800278,0.014593382500249098
2025-06-04,90.72802734375,91.3281025205559,89.62465312362465,90.20537758438968,1181482,0.013405316483785734,0.013230261552634001
2025-06-05,92.98316192626952,94.51239476691661,92.58633691991037,93.64131181746437,1702128,0.024855986055723145,0.015714009127200543
2025-06-06,92.56698608398438,93.88328597157707,92.26694470680145,93.61228570687085,851115,-0.004475819424329175,0.01387811906543052
2025-06-09,93.81553649902344,95.42220241498072,92.98316994614584,93.28321132522728,1056767,0.013488074613407841,0.014165932660276765
2025-06-10,94.48336791992188,94.6285509277825,93.37031824035408,94.00910994297035,949563,0.007118558885024218,0.009995410892322433
2025-06-11,92.97349548339844,94.46401199860598,92.66377874228539,94.45433663946689,1282272,-0.015980298646880442,0.013472569231057462
2025-06-12,92.85733795166016,93.95103684463152,91.41521339370932,91.45392986240512,1306502,-0.0012493617792290745,0.013600219401331463
2025-06-13,91.71525573730467,92.17015545497769,90.57317252280382,90.9796804129663,1090364,-0.012299321082734793,0.014490828554230062
2025-06-16,93.35095977783205,94.27043461727067,92.53795147486416,92.91541827307042,1151448,0.017834590629201674,0.012754738176041029
2025-06-17,92.2669448852539,93.88328615315567,91.7055861190251,93.21546084908309,1052898,-0.011612252248482613,0.013494948285469882
2025-06-18,92.18951416015624,93.06059713083629,91.89915567584991,92.20887239481148,781376,-0.0008392033050835801,0.012049072969853608
2025-06-20,90.45702362060548,92.7121639870075,89.96341494882418,92.7121639870075,6561220,-0.018792707124380637,0.012593667682281267
2025-06-23,91.6087875366211,91.77332876847139,89.89566274609025,90.06019646017968,993137,0.012732719582354779,0.013495888710065927
2025-06-24,93.79617309570312,94.14460628634062,91.20228991846966,91.56039846761993,1395991,0.02387746435578153,0.01669999502117039
2025-06-25,93.96070861816406,94.38656720428791,92.67344246634691,94.10589161135388,1154401,0.0017541816156301238,0.015562543873629322
2025-06-26,101.27780151367188,102.18759342137652,96.79656948319706,96.79656948319706,2137561,0.07787396458707962,0.03229138238120245
2025-06-27,99.21623229980467,101.14229760873293,98.4612987773397,101.14229760873293,3391734,-0.020355588125487767,0.03350947269784325
2025-06-30,97.91929626464844,99.32270437977267,97.51279588913218,98.84845394167039,1642672,-0.013071812999683852,0.03452679868569748
2025-07-01,98.81941223144533,100.590611759696,97.19339570371915,98.19030343728141,1775226,0.009192426836525991,0.03230113225602968
2025-07-02,102.68121337890624,103.12643023195835,99.69049762325487,100.18411382283274,1698056,0.03907937782928905,0.033747900501412235
2025-07-03,102.45860290527344,103.4071112976008,101.4810534020586,102.42956931214701,731083,-0.002167976656171189,0.03428286829631158
2025-07-07,101.1519775390625,102.11016879899425,100.43575293370571,101.03583564983957,1709764,-0.01275271503964348,0.03550579105379098
2025-07-08,99.69049835205078,105.88486297651558,99.59371469381406,101.81981401087103,4588588,-0.014448350121947229,0.020586684842166393
2025-07-09,96.70946502685548,100.65836456398289,95.79966556527116,100.15507300428462,3120313,-0.029902883168142713,0.022248820844822256
2025-07-10,98.9742660522461,99.29366563165063,97.17403301353862,98.57744105580332,1887622,0.023418607731535923,0.02383403559359678
2025-07-11,98.3451690673828,98.63552757213854,96.37071168886382,97.55151146166688,1197364,-0.00635616721351806,0.02375183949164865
2025-07-14,96.7675323486328,97.8225148161597,96.19649072412183,97.14500665725089,1098814,-0.01604183239208279,0.016490888454222478
2025-07-15,94.41561126708984,96.78688595088445,92.83798659730245,96.33199375899696,1779298,-0.024304857470886843,0.01722056515044398
2025-07-16,93.55420684814452,94.75436478585691,92.2572652538352,94.67693936413156,1171912,-0.009123538018607102,0.01723063150154683
2025-07-17,93.4090347290039,94.076860026213,92.59601890614557,92.9154185163943,1072751,-0.0015517433585455764,0.017483793004636563
2025-07-18,93.34127807617188,94.56078668887424,92.92509483520945,94.46400303562008,938568,-0.0007253757950567152,0.015006711319667668
2025-07-21,94.89955139160156,96.12874296941,94.6672600820838,94.85115956146578,829226,0.016694364460684286,0.012963940396266312
2025-07-22,95.96420288085938,96.04162830039097,94.2026787350641,95.72223622846168,1049946,0.011218719937511112,0.014477844192619214
2025-07-23,97.59021759033205,97.62893405826574,95.84805171092287,96.13841770266491,1825417,0.016943971404539182,0.015036590828034846
2025-07-24,96.28359985351562,97.11596638297198,95.40284149466882,96.49653292414715,1123553,-0.01338881876769038,0.01224447807506558
2025-07-25,95.03504943847656,95.9061324328591,94.4252913424088,95.80934877471047,1010953,-0.012967425573395586,0.0129383612430238
2025-07-28,93.98974609375,96.47717020781339,93.19609607177277,96.04162872800615,1915212,-0.010999135065460908,0.01386855937598618
2025-07-29,93.55420684814452,94.28011434366621,92.3250153170053,93.88328180543976,1878256,-0.0046339017148855355,0.014025889063212628
2025-07-30,87.63085174560547,94.94794140083243,85.87901039329981,92.25726698729937,5109234,-0.06331468463148571,0.026017509671431457
2025-07-31,91.13453674316406,91.99593681406533,86.98237970837941,86.98237970837941,2995802,0.03998232275237812,0.031754158444316095
2025-08-01,88.7148666381836,90.68931639292441,87.9018583578645,89.52787491850269,1505333,-0.026550528388591066,0.030540545363370607
2025-08-04,90.06019592285156,90.21505427779569,88.96650456231825,89.32462061630719,1031111,0.015164643037280268,0.03235245801782567
2025-08-05,91.49264526367188,91.8604366764692,89.57626278095786,89.87630413320842,1261299,0.015905465518278428,0.033586128512287816
2025-08-06,92.01529693603516,92.6347303697173,91.59911368819978,92.21854712188193,920650,0.0057124993037096505,0.0336758893729512
2025-08-07,94.37689971923828,94.80275834088705,93.35095835892291,93.68971619870463,1057174,0.025665328068710247,0.035270392650737496
2025-08-08,96.88367462158205,97.89025766821452,94.44464242210141,95.3738000516333,1315258,0.026561318604459094,0.021150828797568463
2025-08-11,93.03155517578124,96.47717055792455,92.7315213357504,95.99323724921831,1569065,-0.03976025332283073,0.026115132715081223
2025-08-12,95.0931167602539,95.81901669328776,93.689708719503,93.76713413645774,974201,0.022159809976060263,0.023177829759529645
2025-08-13,96.3029556274414,97.474079968221,95.34476435185103,96.10938079706585,1107773,0.012722675503819225,0.02310894929999387
2025-08-14,94.48336791992188,95.06408491584162,93.41871007038716,94.42529321322534,815686,-0.018894411865808203,0.025235149942320834
2025-08-15,94.49176788330078,95.67452352542219,94.23550757178353,95.2999868917056,791784,8.890414856965734e-05,0.02529371351820459
2025-08-18,94.50163269042967,95.21128306923838,93.74269798231074,94.50163269042969,826258,0.00010439858783328759,0.02343449001977992
2025-08-19,92.8950653076172,95.2309924781604,92.47124432339149,95.09300848136452,840773,-0.01700041932688401,0.020994417338099557
2025-08-20,92.35297393798828,92.77678733483083,91.26878691140458,92.23469761147511,1337717,-0.00583552385515651,0.014869895028281916
2025-08-21,92.38253784179688,92.6190829016932,91.23921271603722,91.50532685590456,894802,0.0003201185901002823,0.0110004937929149
2025-08-22,96.13777160644533,96.2067636041224,92.39239752556175,92.6486578482894,1064045,0.040648740036555386,0.01971658194097992
2025-08-25,95.61538696289062,96.82770412595832,95.6055255492945,96.4038831576156,683525,-0.005433708674808524,0.018171813677884018
2025-08-26,96.3743133544922,96.43345151613748,94.85645155863105,95.18171144768017,958205,0.007937283064033629,0.01828738986343224
2025-08-27,94.8268814086914,95.60552375507967,93.63427951532526,94.79731232820212,709733,-0.016056477000348623,0.01967582950019385
2025-08-28,95.32955169677734,95.72380359115037,94.16651884120441,95.34926694445127,974333,0.0053009260730561,0.01808167660430028
2025-08-29,94.70861053466795,96.61087046920058,94.58048037180131,95.10286243724623,1052554,-0.006513627212729078,0.018143862973039347
2025-09-02,95.8519287109375,95.90121303759459,91.61374949381467,93.63427802893376,900648,0.012071955969104264,0.018317191458935053
2025-09-03,99.4790267944336,100.18867713898857,96.9854005449896,97.18252269297138,1608264,0.037840637452736026,0.01742620748200431
2025-09-04,99.37061309814452,99.54802000154163,97.39936127481359,99.23262152897794,950746,-0.0010898146049730384,0.01706547072748049
2025-09-05,101.4995574951172,102.15992352675698,99.8042887947996,100.78005330185329,1431763,0.021424285617217764,0.01809797578338815
2025-09-08,101.9036636352539,102.19935444459976,100.60263923387623,101.88395596787889,1435493,0.003981358639481236,0.015069828482363271
2025-09-09,98.47369384765624,104.476141364158,98.43426335391423,102.57388912655924,1925482,-0.033658944784111355,0.02259554136628562
2025-09-10,100.63220977783205,100.72091702192544,98.98621779486896,99.10449412032685,1102954,0.021919721357412936,0.02276415593029428
2025-09-11,103.53980255126952,104.20016859068869,100.30695677038517,100.46465600994986,966370,0.028893261708717644,0.02400547971459743
2025-09-12,104.65355682373048,105.70817473367573,103.47080875760689,103.87491447319698,1619251,0.010756774158512394,0.021017080875685806
2025-09-15,108.35950469970705,108.76361043185815,104.96895959921022,105.09708976063956,2106317,0.03541158072838879,0.02297858574224494
2025-09-16,106.89092254638672,109.00015836127677,106.3882557564567,108.9015972859788,1778314,-0.013552868826690934,0.024510889607450195
2025-09-17,105.34349060058594,107.94553934511188,104.51556393281716,105.82644971841903,1489320,-0.014476738612946738,0.025926896174023974
2025-09-18,105.71803283691406,106.200991980358,103.58908926385851,104.68313013222719,1695859,0.003555437874640077,0.019747738253597005
2025-09-19,108.40878295898438,109.45353943978016,106.78249870757739,107.43301089216581,2285338,0.025452139524968276,0.02013378129966604
2025-09-22,109.83794403076172,110.6264402500571,108.01453752254274,108.95087915166611,1477829,0.013183074588320576,0.018606640357883664
2025-09-23,108.6749038696289,111.13896877375583,108.55663512132358,110.3898954684604,1361808,-0.010588692017096446,0.019901825466221358
2025-09-24,117.78207397460938,119.74346446655436,113.34676476646074,114.51965904401426,5839848,0.08380196145290197,0.03481326674907782
2025-09-25,116.2642059326172,117.38781582068854,114.43094569948185,116.57960440156299,3123389,-0.012887088762924881,0.03473109590666276
2025-09-26,115.31800842285156,117.24983740167114,115.24901642571892,115.99808972000984,1237320,-0.008138338899540742,0.03398277337767445
2025-09-29,119.34921264648438,120.88678974038088,118.19603361599815,118.97467599692257,1952395,0.034957282724230376,0.034522254062334945
2025-09-30,119.6153335571289,119.6153335571289,117.3976751769924,118.91553701258827,2018218,0.002229766788933718,0.03479795200059078
2025-10-01,120.87692260742188,121.82312560040668,119.83216611959372,120.1574184241413,1461802,0.01054705122475319,0.034830734604929955
2025-10-02,123.51839447021484,123.77466236072131,121.05433727899505,122.44406890030615,1534579,0.021852573723867952,0.03308568990964144
2025-10-03,126.44570922851562,127.96357107853007,124.49417256421134,124.7800019691132,2495102,0.023699423643388284,0.017624734239934263
2025-10-06,128.1114044189453,131.33439633130595,127.95371276095351,128.7126398694313,2601043,0.013173204536497174,0.014353777670733564
2025-10-07,124.90812683105467,130.0826553011116,124.85885008326427,129.23501337649898,2250259,-0.025003844134089737,0.01927126964967675
2025-10-08,130.624755859375,132.5565772422522,128.9196181338352,129.11674028968073,2212358,0.04576667005864543,0.02172789641837583
2025-10-09,128.69293212890625,134.53768049981653,127.94384369476698,133.7787382320264,2017613,-0.014789108831318787,0.02399172931921828
2025-10-10,123.3015594482422,130.23049486144885,123.01573005165486,129.70812039659396,3175402,-0.04189330829189386,0.031176858124719216
2025-10-13,131.2851104736328,132.13275239463093,127.93398844329482,129.3927196413154,1882843,0.06474817562012936,0.03873931117802271
2025-10-14,128.87033081054688,130.86129030989085,125.67691557666399,127.49046059194602,2026584,-0.018393400853868536,0.03940833626731104
2025-10-15,130.00381469726562,131.2654086415576,128.4957991047585,131.07814031670972,1159906,0.008795537961217015,0.039261348119649236
2025-10-16,131.35411071777344,134.21241997259094,129.66869576321145,131.58080954244508,1943827,0.010386587683232085,0.03732298484096358
2025-10-17,127.94384765625,130.8514411812557,126.71182279673474,130.03337588623086,1298405,-0.0259623626766482,0.034932997928884525
2025-10-20,133.00010681152344,133.30565146112804,129.55041600103365,130.5951801100289,1221293,0.03951936140656187,0.03765869068734684
2025-10-21,126.47527313232422,129.58984253659713,125.86418385178763,128.131111330188,1784462,-0.049058860444718744,0.03922076445597781
2025-10-22,125.09539794921876,126.99765024565208,123.4395521368704,125.61777999867383,1275422,-0.010910236830734221,0.028832369283550565
2025-10-23,126.52455139160156,129.37299910389797,126.3569983190684,129.1266077817644,1020298,0.011424508541576728,0.028987652013774335
2025-10-24,127.48060607910156,129.2054514230343,125.90360613776602,127.04693128473109,1015157,0.007556278026554342,0.02891258077372341
2025-10-27,131.07814025878906,131.26540858355418,128.44652987810224,129.11674218587083,1497485,0.028220246909206104,0.030944949532239956
2025-10-28,136.37094116210938,136.96232281316773,129.41243630654427,129.55042030520954,1883045,0.04037897465489415,0.031775944052659245
2025-10-29,139.64320373535156,142.7282115294721,138.48016337683984,139.29822861317462,1736381,0.023995306810651984,0.02982052727460157
2025-10-30,138.0957794189453,139.30808900074024,135.91755157740417,137.91836493288514,1424606,-0.011081271948894078,0.019517504076390125
2025-10-31,136.8046112060547,139.4657982233397,136.02597641240416,138.33233445145265,1554941,-0.00934980213242842,0.01920805197949636
2025-11-03,136.30194091796875,136.8046077110899,133.23665583134397,136.8046077110899,1387512,-0.0036743665557356087,0.020237350524623866
2025-11-04,128.90975952148438,131.7089304141157,128.1409785942612,130.74302733835407,2076581,-0.054233867446783046,0.03198597408232358
2025-11-05,133.96600341796875,134.35040903957236,129.9052386654013,130.0136611525137,1334592,0.03922312721126198,0.033710972448599955
2025-11-06,135.26702880859375,136.74546766670827,133.45348381292723,134.74465435540367,1887379,0.009711608597935406,0.029914852812141582
2025-11-07,134.64608764648438,135.12904677267247,132.32002199751324,133.55205439707711,1092773,-0.004590484226485225,0.027850115178973157
2025-11-10,137.4846954345703,138.57874389427047,136.0555408169931,138.1549229100692,1032898,0.021081992337859567,0.029268996088231747
2025-11-11,136.5286407470703,137.9873568093978,135.72042930665725,137.9873568093978,850853,-0.0069538990101992715,0.029158808261150474
2025-11-12,136.77999877929688,140.05999755859375,136.77999877929688,139.32000732421875,826100,0.0018410644891149186,0.029114917384014036
2025-11-13,132.02999877929688,138.2100067138672,131.52000427246094,137.35000610351562,1373500,-0.03472729962269139,0.02331845577182196
2025-11-14,130.69000244140625,132.97000122070312,127.12000274658203,128.60000610351562,757900,-0.010149180870103525,0.017510708883226218
2025-11-17,127.0500030517578,130.8300018310547,125.5199966430664,130.0,1533200,-0.027852164064962937,0.018548652292064424
2025-11-18,124.13999938964844,126.94999694824219,123.69999694824219,125.76000213623047,1716400,-0.022904396632905888,0.019143854900567806
2025-11-19,125.37999725341795,127.69000244140625,124.26000213623047,126.0,1595800,0.009988705251056329,0.016248955076189894
2025-11-20,120.0199966430664,127.54000091552734,119.43000030517578,126.62999725341797,1527600,-0.042750045683267346,0.01937400596446815
2025-11-21,123.69000244140624,124.2300033569336,119.25,120.0199966430664,1220000,0.030578286127221244,0.026156141264843797
2025-11-24,126.8000030517578,127.27999877929688,124.37999725341797,124.37999725341797,1370700,0.0251435083593341,0.02796496741019466
2025-11-25,129.1199951171875,130.39999389648438,127.77999877929688,129.0,825800,0.018296466952628654,0.029202715300682244
2025-11-26,133.02999877929688,134.94000244140625,130.66000366210938,130.75,1381600,0.03028193780956001,0.028673549136020472
2025-11-28,134.77999877929688,135.47999572753906,133.75,135.10000610351562,926100,0.01315492758068304,0.025477628020754373
2025-12-01,134.75999450683594,137.44000244140625,134.67999267578125,136.38999938964844,1043200,-0.00014842166969963877,0.025902140377863203
2025-12-02,134.89999389648438,136.0,133.25999450683594,135.22999572753906,1022000,0.0010388794549953673,0.012860316338017177
2025-12-03,138.58999633789062,140.64999389648438,137.52000427246094,139.5800018310547,1169500,0.027353614591248743,0.01233602760403589
2025-12-04,139.9499969482422,140.0500030517578,136.05999755859375,137.5,892100,0.009813122492880355,0.011887211080945616
2025-12-05,140.41000366210938,144.25,140.3699951171875,142.0,1257700,0.0032869362193506113,0.012380358628687999
2025-12-08,141.0399932861328,141.85000610351562,139.82000732421875,141.0,788500,0.00448678589553686,0.009596519317748796
2025-12-09,140.39999389648438,141.97000122070312,137.36000061035156,138.0,955500,-0.004537715684302723,0.01043675542535156
2025-12-10,143.97999572753906,144.07000732421875,139.72000122070312,141.72999572753906,992300,0.02549858964875873,0.012296064995553784
2025-12-11,147.6300048828125,148.92999267578125,143.44000244140625,144.41000366210938,1245000,0.025350807498150996,0.012905557206311712
2025-12-12,142.41000366210938,149.75,141.83999633789062,149.0,1748500,-0.03535867403680382,0.020714489003327684
2025-12-15,143.86000061035156,145.4499969482422,142.72000122070312,145.4499969482422,937600,0.01018184755954743,0.020731967578788937
2025-12-16,140.27000427246094,144.2100067138672,140.00999450683594,141.5,1076400,-0.024954791621433547,0.023488108954590164
2025-12-17,141.4499969482422,142.75999450683594,140.50999450683594,142.05999755859375,904400,0.008412295143936932,0.02365668946957596
2025-12-18,142.27999877929688,142.75999450683594,139.66000366210938,142.0,847300,0.0058678108798997375,0.02360280036148995
2025-12-19,144.0,146.38999938964844,141.88999938964844,141.88999938964844,1889400,0.012088847592493845,0.021871933123052616
2025-12-22,147.17999267578125,147.89999389648438,145.66000366210938,146.8699951171875,949800,0.022083282470703125,0.021273042744759562
2025-12-23,148.02000427246094,149.25,146.1699981689453,148.97999572753906,946900,0.005707376263634822,0.014585264485188834
2025-12-24,148.1300048828125,149.52000427246094,146.72000122070312,149.52000427246094,346700,0.0007431469205276819,0.014530150992397864
2025-12-26,149.52000427246094,152.19000244140625,149.1699981689453,150.8699951171875,1101600,0.009383645067372326,0.006705682137342396
2025-12-29,145.3000030517578,146.99000549316406,143.72000122070312,145.75,1120500,-0.02822365636783475,0.015688508069267994
2025-12-30,145.47999572753906,149.25,145.2899932861328,148.47999572753906,848700,0.0012387658086774334,0.015691759794161826
2025-12-31,143.47000122070312,144.72000122070312,142.0,144.57000732421875,930900,-0.01381629478873736,0.016312888066584718
2026-01-02,148.69000244140625,149.07000732421875,144.8000030517578,146.66000366210938,1175800,0.036383921212024495,0.020063845741509215
